Escuela_ID;Curso;División;Matrícula
9;2°;A;31
9;2°;B;33
9;2°;C;26
9;2°;D;28
9;3°;A;30
9;3°;B;32
9;3°;C;26
9;3°;D;21
9;4°;A;34
9;4°;B;32
9;4°;C;22
9;4°;D;23
9;5°;A;30
9;5°;B;29
9;5°;C;26
9;5°;D;31
9;6°;A;31
9;6°;B;28
9;6°;C;29
9;6°;D;25
9;7°;A;27
9;7°;B;25
9;7°;C;26
9;7°;D;24
9;7°;E;28
14;2°;A;30
14;2°;B;29
14;3°;A;26
14;3°;B;25
14;4°;A;30
14;4°;B;32
14;5°;A;29
14;5°;B;25
14;6°;A;30
14;6°;B;21
14;7°;A;31
14;7°;B;25
22;2°;A;27
22;2°;B;25
22;2°;C;29
22;3°;A;26
22;3°;B;20
22;3°;C;23
22;4°;A;29
22;4°;B;29
22;4°;C;24
22;5°;A;30
22;5°;B;21
22;5°;C;18
22;6°;A;28
22;6°;B;28
22;6°;C;24
22;6°;D;20
22;7°;A;33
22;7°;B;27
22;7°;C;22
60;2°;A;26
60;3°;A;18
60;3°;B;18
60;4°;A;20
60;4°;B;23
60;5°;A;25
60;6°;A;19
60;6°;B;20
60;7°;A;28
74;2°;A;27
74;2°;B;30
74;2°;C;24
74;2°;D;22
74;3°;A;31
74;3°;B;33
74;3°;C;31
74;3°;D;24
74;4°;A;32
74;4°;B;30
74;4°;C;28
74;4°;D;25
74;5°;A;32
74;5°;B;29
74;5°;C;28
74;5°;D;26
74;6°;A;31
74;6°;B;28
74;6°;C;23
74;6°;D;27
74;7°;A;36
74;7°;B;32
74;7°;C;27
74;7°;D;31
194;2°;A;22
194;2°;B;17
194;2°;C;17
194;3°;A;29
194;3°;B;16
194;3°;C;19
194;4°;A;23
194;4°;B;31
194;5°;A;23
194;5°;B;20
194;6°;A;14
194;6°;B;14
194;6°;C;16
194;7°;A;27
194;7°;B;17
197;2°;A;29
197;2°;B;31
197;2°;C;27
197;2°;D;28
197;3°;A;30
197;3°;B;27
197;3°;C;23
197;3°;D;22
197;4°;A;28
197;4°;B;29
197;4°;C;21
197;4°;D;24
197;5°;A;27
197;5°;B;28
197;5°;C;23
197;5°;D;28
197;6°;A;22
197;6°;B;24
197;6°;C;22
197;6°;D;25
197;7°;A;28
197;7°;B;29
197;7°;C;25
197;7°;D;25
210;2°;A;26
210;2°;B;23
210;2°;C;27
210;3°;A;27
210;3°;B;24
210;3°;C;23
210;4°;A;27
210;4°;B;25
210;4°;C;25
210;5°;A;27
210;5°;B;30
210;5°;C;13
210;5°;D;13
210;6°;A;28
210;6°;B;12
210;6°;C;14
210;7°;A;26
210;7°;B;27
210;7°;C;21
250;2°;A;28
250;2°;B;25
250;3°;A;23
250;3°;B;19
250;3°;C;18
250;4°;A;25
250;4°;B;21
250;5°;A;26
250;5°;B;15
250;5°;C;16
250;6°;A;23
250;6°;B;23
250;6°;C;22
250;7°;A;28
250;7°;B;23
253;2°;A;25
253;2°;B;26
253;2°;C;25
253;3°;A;27
253;3°;B;22
253;3°;C;25
253;4°;A;28
253;4°;B;23
253;4°;C;20
253;4°;D;20
253;5°;A;26
253;5°;B;23
253;5°;C;20
253;6°;A;24
253;6°;B;25
253;6°;C;26
253;7°;A;29
253;7°;B;30
253;7°;C;25
288;4°;A;15
288;5°;A;10
288;6°;A;19
288;7°;A;14
346;2°;A;29
346;2°;B;28
346;2°;C;25
346;2°;D;25
346;3°;A;26
346;3°;B;28
346;3°;C;23
346;3°;D;24
346;4°;A;23
346;4°;B;25
346;4°;C;25
346;4°;D;22
346;5°;A;26
346;5°;B;25
346;5°;C;22
346;5°;D;16
346;6°;A;26
346;6°;B;21
346;6°;C;21
346;6°;D;22
346;7°;A;28
346;7°;B;29
346;7°;C;23
346;7°;D;24
378;3°;A;27
378;3°;B;28
378;3°;C;24
378;3°;D;26
378;6°;A;25
378;6°;B;25
378;6°;C;21
378;6°;D;23
384;2°;A;14
384;2°;B;23
384;2°;C;17
384;3°;A;27
384;3°;B;20
384;3°;C;22
384;4°; D;15
384;4°;A;22
384;4°;B;20
384;4°;C;19
384;5°;A;28
384;5°;B;24
384;5°;C;22
384;6°;A;29
384;6°;B;25
384;6°;C;29
384;7°;A;25
384;7°;B;28
384;7°;C;26
392;2°;A;30
392;2°;B;25
392;2°;C;28
392;3°;A;33
392;3°;B;28
392;3°;C;29
392;4°;A;31
392;4°;B;25
392;4°;C;26
392;5°;A;30
392;5°;B;32
392;5°;C;27
392;6°;A;29
392;6°;B;27
392;6°;C;29
392;7°;A;30
392;7°;B;23
392;7°;C;28
393;2°;A;20
393;2°;B;19
393;2°;C;21
393;3°;A;26
393;3°;B;23
393;4°;A;23
393;4°;B;23
393;5°;A;27
393;5°;B;14
393;5°;C;13
393;6°;A;20
393;6°;B;16
393;6°;C;23
393;7°;A;26
393;7°;B;20
393;7°;C;18
417;2°;A;31
417;2°;B;29
417;2°;C;22
417;2°;D;22
417;3°;A;26
417;3°;B;27
417;3°;C;24
417;4°;A;27
417;4°;B;25
417;4°;C;20
417;4°;D;26
417;5°;A;25
417;5°;B;27
417;5°;C;26
417;6°;A;22
417;6°;B;21
417;6°;C;24
417;7°;A;26
417;7°;B;26
417;7°;C;22
417;7°;D;18
457;2°;U;25
457;3°;A;13
457;3°;B;12
457;4°;U;17
457;5°;U;21
457;6°;U;13
457;7°;U;16
461;2°;A;19
461;3°;A ;25
461;4°;A;20
461;5°;A;16
461;6°;A;22
461;7°;A;20
477;2°;A;28
477;3°;A;17
477;3°;B;16
477;4°;A;19
477;5°;A;24
477;6°;A;14
477;7°;A;28
478;2°;A;20
478;2°;B;17
478;2°;C;14
478;2°;D;16
478;3°;A;18
478;3°;B;19
478;3°;C;21
478;4°;A;27
478;4°;B;21
478;5°;A;19
478;5°;B;15
478;5°;C;16
478;6°;A;23
478;6°;B;27
478;7°;A;26
478;7°;B;22
485;2°;A;23
485;2°;B;23
485;3°;A;25
485;3°;B;23
485;4°;A;24
485;4°;B;24
485;5°;A;26
485;5°;B;24
485;6°;A;18
485;6°;B;17
485;7°;A;23
485;7°;B;26
486;2°;A;26
486;2°;B;19
486;2°;C;18
486;3°;A;27
486;3°;B;18
486;3°;C;18
486;4°;A;29
486;4°;B;28
486;5°;A;20
486;5°;B;18
486;5°;C;22
486;6°;A;17
486;6°;B;17
486;6°;C;17
486;7°;A;20
486;7°;B;18
486;7°;C;18
494;2°;A;22
494;2°;B;13
494;3°;A;29
494;4°;A;28
494;5°;A;25
494;6°;A;24
494;7°;A;30
511;2°;UNICO;16
511;3°;UNICO;16
511;4°;UNICO;18
511;5°;UNICO;11
511;6°;UNICO;13
511;7°;UNICO;4
514;2°;A;29
514;2°;B;26
514;2°;C;23
514;3°;A;24
514;3°;B;26
514;3°;C;26
514;4°;A;26
514;4°;B;24
514;4°;C;20
514;5°;A;18
514;5°;B;20
514;5°;C;17
514;6°;A;20
514;6°;B;19
514;6°;C;16
514;7°;A;28
514;7°;B;28
514;7°;C;26
552;2°;A;32
552;2°;B;15
552;2°;C;16
552;3°;A;20
552;3°;B;15
552;3°;C;22
552;4°;A;26
552;4°;B;17
552;4°;C;17
552;5°;A;19
552;5°;B;19
552;6°;A;25
552;6°;B;12
552;6°;C;13
552;7°;A;25
552;7°;B;25
582;2°;A;21
582;2°;B;27
582;3°;A;33
582;3°;B;29
582;4°;A;29
582;4°;B;26
582;5°;A;31
582;5°;B;22
582;6°;A;33
582;6°;B;25
582;7°;A;29
582;7°;B;19
621;2°;A;23
621;2°;B;25
621;3°;U;26
621;4°;U;23
621;5°;U;25
621;6°;A;17
621;6°;B;13
621;7°;U;20
989;1°;1ra;32
989;1°;2da;34
989;1°;3ra;15
989;1°;3°;16
989;1°;5ta;32
989;1°;6ta;30
989;1°;7ma;32
989;2°;1ra;39
989;2°;2da;40
989;2°;3°;41
989;2°;4ta;35
989;2°;5ta;29
989;2°;6ta;27
989;3°;1ra;31
989;3°;2da;40
989;3°;3ra;38
989;3°;4ta;34
989;3°;5ta;35
989;3°;6ta;22
989;3°;6º;13
989;4°;1ra;30
989;4°;2da;26
989;4°;3ra;29
989;4°;4ta;30
989;4°;5ta;30
989;4°;6ª;37
989;5°;1ra;31
989;5°;2da;28
989;5°;3ra;32
989;5°;4ta;32
989;5°;5ta;27
989;5°;6º;33
990;1°;1;31
990;1°;2;28
990;1°;3;30
990;1°;4;30
990;2°;2;31
990;2°;4;33
990;2°;5;31
990;2°;6;31
990;3°;1;41
990;3°;2;41
990;3°;3;34
990;4°;1;29
990;4°;2;29
990;4°;3;31
990;5°;1;28
990;5°;2;33
990;5°;3;33
990;6°;1;31
990;6°;2;32
990;6°;3;30
991;1°;1ª;26
991;1°;2ª;26
991;1°;3ª;26
991;1°;4ª;21
991;1°;5ª;26
991;1°;6ª;5
991;2°;1ª;31
991;2°;2ª;30
991;2°;3ª;29
991;2°;4ª;30
991;2°;5ª;30
991;2°;6ª;29
991;3°;1ª;29
991;3°;2ª;30
991;3°;3ª;31
991;3°;4ª;33
991;3°;5ª;30
991;4°;1ª;23
991;4°;2ª;27
991;4°;3ª;27
991;4°;4ª;23
991;4°;5ª;24
991;5°;1ª;25
991;5°;2ª;29
991;5°;3ª;14
991;5°;4ª;31
991;5°;5ª;18
991;6°;1ª;22
991;6°;2ª;24
991;6°;3ª;14
991;6°;4ª;26
991;6°;5;19
993;1°;1ª;24
993;1°;2ª;23
993;1°;3ª;25
993;1°;4ª;23
993;1°;5;29
993;1°;6ª;17
993;1°;7ª;20
993;2°;1ª;32
993;2°;2ª;33
993;2°;3ª;35
993;2°;4ª;33
993;2°;5ª;36
993;3°;1ª Téc: Alimentación;28
993;3°;2ª Téc: Alimentación;28
993;3°;3ª Téc: Indumentaria;25
993;3°;4ª Téc: Indumentaria;25
993;3°;5;25
993;4°;1ª Téc: Alimentación;23
993;4°;2ª Téc: Alimentación;25
993;4°;3ª Téc: Indumentaria;34
993;4°;4ª Téc: Indumentaria;33
993;5°;1ª Téc: Alimentación;19
993;5°;2ª Téc: Alimentación;23
993;5°;3ª Téc: Indumentaria;37
993;6°;1ª Téc: Alimentación;16
993;6°;2ª Téc: Indumentaria;31
993;6°;3ª Téc: Alimentación;18
997;1°;1°;28
997;1°;2°;28
997;1°;3°;28
997;1°;4°;29
997;1°;5°;27
997;1°;6°;26
997;2°;1°;30
997;2°;2°;27
997;2°;3°;29
997;2°;4°;28
997;2°;5°;28
997;2°;6°;28
997;3°;1°;37
997;3°;2°;39
997;3°;3°;36
997;3°;4°;37
997;4°;1°;31
997;4°;2°;33
997;4°;3°;31
997;4°;4°;37
997;5°;1°;21
997;5°;2°;20
997;5°;3°;24
997;5°;4º;20
1004;1°;1°;31
1004;1°;2°;32
1004;1°;3°;34
1004;1°;4°;33
1004;1°;5°;34
1004;1°;6°;31
1004;2°;1°;36
1004;2°;2°;35
1004;2°;3°;34
1004;2°;4°;36
1004;2°;5°;35
1004;2°;6°;32
1004;3°;1°;29
1004;3°;2°;41
1004;3°;3º;34
1004;3°;4°;36
1004;3°;5°;24
1004;3°;6°;38
1004;4°;1°;39
1004;4°;2°;29
1004;4°;3º;21
1004;4°;4°;27
1004;4°;5°;34
1004;4°;6º;30
1004;5°;1°;37
1004;5°;2°;31
1004;5°;3º;26
1004;5°;4º;32
1004;5°;5º;30
1004;6°;1°;18
1004;6°;2°;32
1004;6°;3º;26
1004;6°;4º;23
1004;6°;5º;30
1004;6°;6º;14
1008;1°;1;28
1008;1°;2;27
1008;1°;3;27
1008;1°;4;27
1008;1°;5;25
1008;2°;1;29
1008;2°;2;31
1008;2°;3;26
1008;2°;4;27
1008;2°;5;29
1008;3°;1;41
1008;3°;2;31
1008;3°;3;37
1008;3°;4;29
1008;4°;1;31
1008;4°;2;25
1008;4°;3;29
1008;4°;4;26
1008;5°;1;24
1008;5°;2;21
1008;5°;3;19
1008;5°;4;22
1008;6°;1;21
1008;6°;2;17
1008;6°;3;17
1008;6°;4º;15
1010;1°;1° Mañana;21
1010;1°;2° Mañana;21
1010;1°;3° Mañana;20
1010;1°;4° Mañana;15
1010;1°;5° Mañana;19
1010;2°;1º Mañana;31
1010;2°;2° Mañana;26
1010;2°;3° Mañana;28
1010;2°;4° Mañana;30
1010;3°;1° Tarde;23
1010;3°;2;25
1010;3°;3;20
1010;3°;4°;18
1010;4°;1° Tarde;31
1010;4°;2;27
1010;4°;3°;29
1010;5°;1;25
1010;5°;2° Mañana;21
1010;5°;3;26
1010;6°;1;38
1012;1°;1º;26
1012;1°;2º;25
1012;1°;3º;25
1012;1°;4º;24
1012;1°;5º;24
1012;2°;1º;25
1012;2°;2º;25
1012;2°;3º;25
1012;2°;4º;24
1012;2°;5°;21
1012;3°;1º;27
1012;3°;2º;28
1012;3°;3º;28
1012;3°;4º;22
1012;4°;1º;28
1012;4°;2º;31
1012;4°;3º;24
1012;5°;1º;25
1012;5°;2º;26
1012;5°;3°;20
1015;1°;1ra;21
1015;1°;2da;23
1015;1°;3ra;22
1015;1°;4ta;19
1015;2°;1ra;30
1015;2°;2da;31
1015;2°;3ra;29
1015;3°;1ra;20
1015;3°;2da;20
1015;3°;3ra;20
1015;4°;1ra;26
1015;4°;2da;27
1015;5°;1ra;14
1015;5°;2º;14
1022;2°;1ª;12
1022;2°;2ª;18
1022;2°;3ª;16
1022;2°;4ª;13
1022;3°;1ª;15
1022;3°;2ª;16
1022;3°;3ª;12
1022;3°;4ª;16
1022;4°;1ª;24
1022;4°;2ª;22
1022;4°;3ª;21
1022;5°;1ª;8
1022;5°;2ª;20
1022;5°;3ª;16
1022;6°;1ª;17
1022;6°;2ª;8
1022;6°;3ª;13
1023;1°;Cuarta;27
1023;1°;Octava;29
1023;1°;Primera;31
1023;1°;Quinta;30
1023;1°;Segunda;26
1023;1°;Septima;27
1023;1°;Sexta;28
1023;1°;Tercera;31
1023;2°;Cuarta;31
1023;2°;Primera;31
1023;2°;Quinta;32
1023;2°;Segunda;28
1023;2°;Sexta;31
1023;2°;Séptima;31
1023;2°;Tercera;25
1023;3°;Cuarta;32
1023;3°;Primera;32
1023;3°;Quinta;30
1023;3°;Segunda;30
1023;3°;Sexta;34
1023;3°;Séptima;35
1023;3°;Tercera;33
1023;4°;Cuarta;24
1023;4°;Primera;28
1023;4°;Quinta;26
1023;4°;SEXTA;25
1023;4°;Segunda;33
1023;4°;Tercera;28
1023;5°;CUARTA;28
1023;5°;Primera;27
1023;5°;QUINTA;24
1023;5°;Segunda;40
1023;5°;Tercera;24
1023;6°;Primera;32
1023;6°;Segunda;32
1023;6°;TERCERA;28
1024;1°;1ª;27
1024;1°;2ª;23
1024;1°;3ª;24
1024;1°;4ª;24
1024;2°;1ª;15
1024;2°;2ª;24
1024;2°;3ª;21
1024;2°;4ª;16
1024;3°;1ª;22
1024;3°;2ª;22
1024;3°;3ª;19
1026;1°;1°;26
1026;1°;2°;34
1026;1°;3°;32
1026;1°;4°;24
1026;2°;1°;35
1026;2°;2°;25
1026;2°;3°;34
1026;2°;4°;33
1026;3°;1°;43
1026;3°;2°;27
1026;3°;3°;44
1026;4°;1°;29
1026;4°;2°;18
1026;4°;3°;25
1026;5°;1°;47
1026;5°;2°;34
1026;6°;1°;35
1026;6°;2°;42
1027;1°;1;16
1027;1°;2;17
1027;1°;3;19
1027;1°;4;17
1027;2°;1;20
1027;2°;2;22
1027;2°;3;24
1027;3°;1;27
1027;3°;2;27
1027;4°;1;15
1027;4°;2;14
1027;5°;2;23
1027;5°;U;23
1027;6°;U;23
1034;1°;1º;25
1034;1°;2º;27
1034;1°;3º;25
1034;1°;4º;24
1034;2°;1º;30
1034;2°;2º;31
1034;2°;3º;30
1034;2°;4º;26
1034;3°;1º;28
1034;3°;2º;33
1034;3°;3º;31
1034;4°;2º;38
1034;4°;3º;39
1034;5°;2º;24
1034;5°;3º;28
1034;6°;1º;27
1034;6°;2°;25
1037;1°;1ra;30
1037;1°;2da;30
1037;1°;3ra;30
1037;2°;1ra;26
1037;2°;2da;30
1037;2°;3ra;31
1037;3°;1ra;32
1037;3°;2da;33
1037;3°;3ra;24
1037;4°;1ra;28
1037;4°;2da;28
1037;4°;3ra;27
1037;5°;1ra;24
1037;5°;2da;21
1037;5°;3ra;23
1038;1°;1º;28
1038;1°;2º;31
1038;1°;3;30
1038;2°;1º;25
1038;2°;2º;26
1038;2°;3º;28
1038;3°;1º;28
1038;3°;2º;29
1038;3°;3º;23
1038;4°;1º;19
1038;4°;2º;22
1038;4°;3;22
1038;5°;1º;19
1038;5°;2º;36
1043;1°;1;28
1043;1°;2;27
1043;1°;3;29
1043;1°;4;28
1043;1°;5°;27
1043;2°;1;31
1043;2°;2;31
1043;2°;3;29
1043;2°;4;32
1043;3°;1;17
1043;3°;2;29
1043;3°;3;29
1043;3°;4;30
1043;3°;5;18
1043;4°;1;22
1043;4°;2;24
1043;4°;3;28
1043;4°;4;22
1043;4°;5;23
1043;5°;1;34
1043;5°;2;29
1043;5°;3;29
1043;5°;4;33
1043;6°;1;24
1050;1°;1;30
1050;1°;2;31
1050;1°;3;31
1050;1°;4;30
1050;1°;5;32
1050;2°;1;40
1050;2°;2;39
1050;2°;3;40
1050;2°;4;39
1050;3°;1;39
1050;3°;2;40
1050;3°;3;42
1050;4°;1;35
1050;4°;2;31
1050;4°;3°;30
1050;5°;1;28
1050;5°;2;30
1050;6°;1;26
1050;6°;2;25
1052;1°;1ª;31
1052;1°;2ª;32
1052;1°;3ª;32
1052;1°;4ª;32
1052;1°;5ª;31
1052;2°;1ª;33
1052;2°;2ª;30
1052;2°;3ª;33
1052;2°;4ª;32
1052;2°;5ª;33
1052;3°;1ª;30
1052;3°;2ª;26
1052;3°;3ª;26
1052;3°;4ª;31
1052;3°;5ª;27
1052;3°;6ª;18
1052;4°;1ª;28
1052;4°;2ª;27
1052;4°;3ª;33
1052;4°;4ª;30
1052;4°;5ª;14
1052;5°;1ª;35
1052;5°;2ª;22
1052;5°;3ª;34
1052;5°;4ª;36
1052;5°;5ª;14
1052;6°;1ª;23
1053;1°;1ª;27
1053;1°;2ª;28
1053;1°;3ª;29
1053;1°;4ª;27
1053;1°;5ª;26
1053;2°;1ª;32
1053;2°;2ª;22
1053;2°;3ª;20
1053;2°;4ª;29
1053;2°;5ª;29
1053;3°;1ª;31
1053;3°;2ª;34
1053;3°;3ª;32
1053;3°;4ª;37
1053;4°;1ª;16
1053;4°;2ª;28
1053;4°;3ª;24
1053;4°;4ª;24
1053;5°;1ª;32
1053;5°;2ª;31
1053;5°;3ª;28
1053;5°;4°;16
1054;1°;1;28
1054;1°;2;30
1054;1°;3;29
1054;1°;5;29
1054;2°;1;31
1054;2°;2;30
1054;2°;3;27
1054;2°;4;27
1054;3°;1;23
1054;3°;2;27
1054;3°;3;24
1054;3°;4;23
1054;4°;1;28
1054;4°;2;34
1054;4°;3;39
1054;4°;4;31
1054;5°;1;27
1054;5°;2;31
1054;5°;3;29
1054;5°;4;16
1055;1°;1°;18
1055;1°;2;17
1055;1°;3;15
1055;1°;4;15
1055;1°;5;18
1055;2°;1;19
1055;2°;2;16
1055;2°;3;18
1055;2°;4;16
1055;2°;5;16
1055;3°;1;25
1055;3°;2;21
1055;3°;3;26
1055;3°;4;16
1055;3°;5;14
1055;4°;1;32
1055;4°;2;24
1055;4°;3;28
1055;4°;4°;19
1055;5°;1;27
1055;5°;2;19
1055;5°;3;29
1065;1°;1º;23
1065;1°;2ª;22
1065;1°;3º;24
1065;1°;4º;23
1065;1°;5º;22
1065;1°;6º;16
1065;1°;7º;20
1065;2°;1º ;20
1065;2°;2º;22
1065;2°;3º;26
1065;2°;4º;26
1065;2°;5°;25
1065;3°;1º;18
1065;3°;2ª;27
1065;3°;3º;25
1065;3°;4;33
1065;4°;1º;28
1065;4°;2º;26
1065;4°;3;27
1065;4°;4;19
1065;5°;1º;27
1065;5°;2º;28
1065;5°;3;29
1065;6°;1º;38
1065;6°;2;36
1066;1°;1°;24
1066;1°;2°;26
1066;1°;3°;22
1066;1°;4°;23
1066;2°;1°;25
1066;2°;2°;27
1066;2°;3°;25
1066;2°;4°;24
1066;3°;1°;18
1066;3°;2;20
1066;3°;3°;18
1066;3°;4;20
1066;4°;1°;36
1066;4°;2º;36
1066;5°;1°;27
1066;5°;4°;28
1069;1°;1;27
1069;1°;2;25
1069;1°;3;28
1069;1°;4;29
1069;1°;5;26
1069;1°;6;28
1069;2°;1;33
1069;2°;2;30
1069;2°;3;32
1069;2°;4;16
1069;3°;1;33
1069;3°;2;24
1069;3°;3;30
1069;3°;4;34
1069;4°;1;31
1069;4°;2;21
1069;4°;3;25
1069;4°;4;27
1069;5°;1;28
1069;5°;2;14
1069;5°;3;30
1069;6°;Unica;5
1070;1°;3ra;5
1070;1°;4to;4
1070;1°;5ta;1
1070;1°;6ta;3
1070;2°;1ra;5
1070;2°;2da;5
1070;2°;4to;1
1070;3°;1ra;26
1070;3°;2da;4
1070;3°;3ra;17
1070;4°;1ra;6
1070;4°;2da;4
1070;4°;3ra;7
1070;5°;1ra;3
1070;5°;2da;1
1070;5°;3ra;4
1073;1°;1ra ;30
1073;1°;2da;31
1073;1°;3ra;29
1073;1°;4ta ;19
1073;1°;5ta ;32
1073;1°;6ta ;34
1073;1°;7ma;33
1073;2°;1ra;31
1073;2°;2da;26
1073;2°;3ra ;22
1073;2°;4ta ;18
1073;2°;5ta ;32
1073;2°;6ta ;32
1073;2°;7ma;26
1073;3°;1ra ;27
1073;3°;2da;33
1073;3°;3ra ;33
1073;3°;4ta;38
1073;3°;5ta;39
1073;3°;6ta;16
1073;4°;1ra;37
1073;4°;2da;32
1073;4°;3ra;26
1073;4°;4ta;20
1073;4°;5ta;24
1073;5°;1ra;35
1073;5°;2da;36
1073;5°;3ra;21
1073;5°;4ta;32
1074;1°;1 °;4
1074;1°;2ª;2
1074;2°;1 °;3
1074;2°;2ª;3
1074;3°;2ª;7
1074;4°;1 °;1
1074;4°;2ª;2
1074;5°;2ª;1
1080;1°;1º;28
1080;1°;2º;29
1080;1°;3º;28
1080;1°;4º;31
1080;1°;5º;30
1080;1°;6°;27
1080;2°;1º;24
1080;2°;2º;26
1080;2°;3º;27
1080;2°;4º;28
1080;2°;5º;21
1080;2°;6;19
1080;3°;1º;30
1080;3°;2º;29
1080;3°;3º;27
1080;3°;4º;29
1080;4°;1º;30
1080;4°;2º;31
1080;4°;3º;28
1080;4°;4º;21
1080;5°;1º;21
1080;5°;2;26
1080;5°;3º;25
1080;5°;4º;23
1092;1°;1º;24
1092;1°;2º ;27
1092;1°;3º;31
1092;1°;4 º ;28
1092;1°;5º ;28
1092;1°;6 º ;26
1092;1°;7 º;29
1092;2°;1º ;34
1092;2°;2º;33
1092;2°;3º ;29
1092;2°;4º;34
1092;2°;5º ;35
1092;2°;6;34
1092;3°;1º;41
1092;3°;2º;41
1092;3°;3º;35
1092;3°;4º;31
1092;3°;5º;41
1092;3°;6;36
1092;4°;1º;34
1092;4°;2º;31
1092;4°;3º;23
1092;4°;4º;27
1092;4°;5;25
1092;5°;1°;42
1092;5°;2°;16
1092;5°;3º;44
1092;5°;4;19
1092;6°;1°;31
1092;6°;2°;36
1092;6°;3º;35
1096;1°;11 ;23
1096;1°;1º;24
1096;1°;2º;25
1096;1°;3º;24
1096;1°;5°;24
1096;1°;6°;24
1096;1°;7º;24
1096;1°;9º;24
1096;2°;1;32
1096;2°;2;33
1096;2°;3º;32
1096;2°;4;34
1096;2°;5°;33
1096;2°;6°;29
1096;3°;1°;29
1096;3°;2;37
1096;3°;3°;39
1096;3°;4º;37
1096;3°;5°;39
1096;4°;1;43
1096;4°;2º;46
1096;4°;3º;29
1096;4°;4°;28
1096;5°;1;29
1096;5°;2;33
1096;5°;3º;24
1096;5°;4°;24
1096;6°;1º;32
1096;6°;2;26
1096;6°;3º;39
1098;1°;1ª;28
1098;1°;2ª;28
1098;1°;3ª;30
1098;1°;4ª;26
1098;1°;5ª;26
1098;1°;6º EPS;14
1098;1°;7° EPS;13
1098;2°;1ª;22
1098;2°;2ª;29
1098;2°;3ª;36
1098;2°;4ª;38
1098;3°;1ª;30
1098;3°;2ª;20
1098;3°;3ª;28
1098;4°;1ª;20
1098;4°;2ª;21
1098;4°;3ª;18
1098;5°;1ª;9
1098;5°;2ª;33
1098;6°;1ª;8
1098;6°;2ª;15
1099;1°;1ª;36
1099;1°;2ª;37
1099;1°;3ª;38
1099;1°;4ª;36
1099;1°;5ª;35
1099;1°;6ª;37
1099;1°;7ª;37
1099;1°;8ª;35
1099;1°;9ª;36
1099;2°;1ª;36
1099;2°;2ª;35
1099;2°;3ª;38
1099;2°;4ª;38
1099;2°;5ª;37
1099;2°;6ª;39
1099;2°;7ª;38
1099;2°;8ª;38
1099;2°;9ª;36
1099;3°;1ª;38
1099;3°;2ª;34
1099;3°;3ª;33
1099;3°;4ª;38
1099;3°;5ª;40
1099;3°;6ª;41
1099;3°;7ª;30
1099;3°;8ª;36
1099;4°;1ª;38
1099;4°;2ª;39
1099;4°;3ª;27
1099;4°;4ª;25
1099;4°;5ª;36
1099;4°;6ª;29
1099;4°;7ª;26
1099;4°;8ª;43
1099;5°;1ª;30
1099;5°;2ª;30
1099;5°;3ª;18
1099;5°;4ª;30
1099;5°;5ª;34
1099;5°;6ª;31
1099;5°;7ª;21
1099;5°;8ª;36
1099;6°;1ª;25
1099;6°;2ª;27
1099;6°;3ª;29
1099;6°;4ª;21
1099;6°;5ª;21
1099;6°;6ª;18
1099;6°;7ª;30
1099;6°;8ª;19
1103;1°;1 ;23
1103;1°;2 ;20
1103;1°;3;23
1103;1°;4;21
1103;1°;5;26
1103;2°;1;19
1103;2°;2;19
1103;2°;3;21
1103;2°;4;18
1103;2°;5;25
1103;3°;1;22
1103;3°;2;20
1103;3°;3;24
1103;3°;5;23
1103;4°;1;21
1103;4°;2;17
1103;4°;3;18
1103;4°;4;28
1103;5°;1;24
1103;5°;2;26
1103;5°;3;29
1106;1°;01º;28
1106;1°;02°;29
1106;1°;03º;27
1106;1°;04º;28
1106;1°;05º;26
1106;1°;06º;29
1106;1°;07º;24
1106;1°;08º;29
1106;1°;09º;26
1106;1°;10º;29
1106;2°;01º;27
1106;2°;02°;32
1106;2°;03º;35
1106;2°;04º;31
1106;2°;05ª;33
1106;2°;07º;29
1106;2°;09º;29
1106;2°;10º;30
1106;3°;1º;27
1106;3°;2°;20
1106;3°;3º;26
1106;3°;4º;22
1106;3°;5º;18
1106;3°;6°;22
1106;3°;7º;19
1106;3°;8°;18
1106;4°;1º;34
1106;4°;2º;29
1106;4°;3º;36
1106;4°;4º;23
1106;4°;5ª;33
1106;4°;6º;25
1106;5°;1º;22
1106;5°;2º;24
1106;5°;3°;28
1106;5°;4º;34
1106;5°;5º;35
1106;6°;1º;40
1106;6°;2°;21
1106;6°;3º;44
1107;1°;1º ;24
1107;1°;2ª;21
1107;1°;3º;21
1107;1°;4º;21
1107;1°;5º;25
1107;2°;1º;31
1107;2°;2º;24
1107;2°;3º;27
1107;2°;4º;29
1107;3°;1º;26
1107;3°;2º;18
1107;3°;3º;33
1107;3°;4º;13
1107;4°;1º;25
1107;4°;2º;13
1107;4°;3º;14
1107;4°;4º;21
1107;5°;1º;21
1107;5°;2º;37
1107;5°;3º;18
1107;6°;1º;16
1107;6°;2º;27
1107;6°;3º;8
1108;1°;1°;27
1108;1°;2°;24
1108;1°;3°;26
1108;1°;4°;25
1108;1°;5°;28
1108;1°;6°;23
1108;1°;7°;24
1108;2°;1º;28
1108;2°;2º;30
1108;2°;3°;24
1108;2°;4°;31
1108;2°;5°;26
1108;2°;6°;26
1108;3°;1º;18
1108;3°;2°;27
1108;3°;3°;33
1108;3°;4°;29
1108;3°;5°;23
1108;4°;1º;23
1108;4°;2°;31
1108;4°;3°;16
1108;4°;4°;28
1108;4°;5°;31
1108;5°;1º;8
1108;5°;2°;15
1108;5°;3º;21
1108;5°;4°;24
1108;6°;1°;26
1108;6°;2º;34
1108;6°;3º;13
1108;6°;4°;18
1109;1°;1º;23
1109;1°;2º;27
1109;1°;3º;26
1109;1°;4º;26
1109;1°;5º;26
1109;1°;6º;25
1109;1°;7º;25
1109;1°;8º;24
1109;2°;1º;34
1109;2°;2º;33
1109;2°;3º;32
1109;2°;4º;38
1109;2°;5º;33
1109;2°;6°;38
1109;3°;1º E. M.;37
1109;3°;2º C.C.;40
1109;3°;3º C.C.;44
1109;3°;4º E.M.;42
1109;3°;5°;39
1109;4°;10º E.M.;27
1109;4°;6º C.C;21
1109;4°;7°;24
1109;4°;8º E.M.;20
1109;5°;10°;21
1109;5°;4º C.C.;19
1109;5°;5° C.C.;23
1109;5°;9º E.M.;25
1109;6°;4º C.C.;27
1109;6°;9º E.M.;36
1110;1°;1ra;27
1110;1°;2da;19
1110;1°;3ra;19
1110;1°;4ta;27
1110;2°;1ra;28
1110;2°;2da;29
1110;2°;3ra;32
1110;3°;1ra;35
1110;3°;2da;38
1110;3°;3ra;34
1110;4°;1ra;33
1110;4°;2da;28
1110;4°;3ra;30
1110;5°;1ra;17
1110;5°;2da;26
1110;5°;3ra;18
1110;6°;1ra;20
1110;6°;2da;32
1110;6°;3ra;21
1111;1°;PRIMERA;30
1111;1°;SEGUNDA;31
1111;1°;TERCERA;32
1111;2°;PRIMERA;27
1111;2°;SEGUNDA;30
1111;2°;TERCERA;28
1111;3°;PRIMERA;26
1111;3°;SEGUNDA;30
1111;3°;TERCERA;30
1111;4°;PRIMERA;21
1111;4°;SEGUNDA;19
1111;4°;TERCERA;19
1111;5°;PRIMERA;33
1111;5°;TERCERA;34
1111;6°;PRIMERA;24
1111;6°;SEGUNDA;27
1116;1°;1;32
1116;1°;2;29
1116;1°;3;32
1116;1°;4;30
1116;1°;5;30
1116;2°;1;30
1116;2°;2;28
1116;2°;3;27
1116;2°;4;26
1116;2°;5;29
1116;3°;1;29
1116;3°;2;30
1116;3°;3;27
1116;3°;4;31
1116;3°;5;29
1116;4°;1;29
1116;4°;2;33
1116;4°;3;32
1116;4°;4;25
1116;5°;1;28
1116;5°;2;28
1116;5°;3;27
1116;5°;4;27
1120;1°;1;27
1120;1°;2;26
1120;1°;3;25
1120;1°;4;27
1120;2°;1;32
1120;2°;2;29
1120;2°;3;32
1120;2°;4;26
1120;3°;1;37
1120;3°;2;31
1120;3°;3;32
1120;3°;4;32
1120;4°;1;35
1120;4°;2;40
1120;4°;3;35
1120;5°;1;24
1120;5°;2;27
1120;5°;3;25
1120;6°;1;34
1120;6°;2;36
1121;1°;1ª;28
1121;1°;2ª;30
1121;1°;3ª;31
1121;1°;4ª;30
1121;1°;5ª;30
1121;2°;1ª;24
1121;2°;2ª;19
1121;2°;3ª;24
1121;2°;4ª;18
1121;2°;5ª;21
1121;3°;1ª;27
1121;3°;2ª;28
1121;3°;3ª;27
1121;3°;4ª;28
1121;4°;1ª;29
1121;4°;2ª;28
1121;4°;3ª;29
1121;5°;1°;35
1121;5°;2ª;32
1121;5°;3°;27
1125;1°;1°;30
1125;1°;2°;28
1125;1°;3°;28
1125;2°;1°;27
1125;2°;2°;31
1125;2°;3°;26
1125;3°;1°;34
1125;3°;2°;34
1125;4°;1°;36
1125;4°;2°;35
1125;5°;1°;29
1125;5°;2°;28
1133;1°;1º;28
1133;1°;2°;27
1133;1°;3;27
1133;1°;4°;23
1133;1°;5º;26
1133;2°;1º;33
1133;2°;2°;31
1133;2°;3º;32
1133;2°;4°;29
1133;3°;1º;33
1133;3°;2º;32
1133;3°;3º;34
1133;3°;4°;29
1133;4°;1º;30
1133;4°;2º;20
1133;4°;3°;30
1133;4°;4°;19
1133;5°;1º;24
1133;5°;2º;18
1133;5°;3°;22
1133;6°;1º;30
1134;1°;1;17
1134;1°;2;15
1134;1°;3;13
1134;2°;1;29
1134;2°;2;34
1134;3°;1;23
1134;3°;2;28
1134;4°;1;25
1134;4°;2;19
1134;5°;1;26
1134;5°;2;20
1140;1°;1°;31
1140;1°;2°;30
1140;1°;3°;27
1140;1°;4º;30
1140;1°;5°;31
1140;2°;1°;37
1140;2°;2°;38
1140;2°;3;39
1140;2°;4°;30
1140;2°;5°;19
1140;3°;1°;29
1140;3°;2°;31
1140;3°;3°;32
1140;3°;4°;37
1140;4°;1°;23
1140;4°;2°;22
1140;4°;3°;23
1140;4°;4°;23
1140;5°;1°;26
1140;5°;2°;28
1140;5°;3°;26
1140;5°;4;22
1141;1°;1ª;22
1141;1°;2°;19
1141;1°;3ª;21
1141;2°;1ª;29
1141;2°;2°;25
1141;3°;1ª;27
1141;3°;2°;29
1141;3°;3;28
1141;4°;1ª;19
1141;4°;2°;20
1141;4°;3ª;17
1141;5°;1ª;21
1141;5°;2°;17
1142;1°;1°;19
1142;1°;2°;21
1142;1°;3°;12
1142;2°;1°;25
1142;2°;2°;23
1142;2°;3°;18
1142;3°;1°;17
1142;3°;2°;18
1142;3°;3°;31
1142;4°;1°;29
1142;4°;2°;35
1142;5°;1°;31
1142;5°;2°;33
1143;1°;1ª;23
1143;1°;2º;32
1143;1°;3º;31
1143;1°;4ª;29
1143;1°;5º;28
1143;1°;6º;32
1143;2°;1º;33
1143;2°;2º;16
1143;2°;3º;35
1143;2°;4º;35
1143;2°;5º;28
1143;2°;6º;35
1143;3°;1º;34
1143;3°;2º;27
1143;3°;3º;32
1143;3°;4º;30
1143;3°;5º;30
1143;3°;6;31
1143;4°;1º;27
1143;4°;2º;31
1143;4°;3º;32
1143;4°;4º;27
1143;4°;5º;14
1143;4°;6°;29
1143;5°;1°;14
1143;5°;2°;11
1143;5°;3º;20
1143;5°;4°;24
1143;5°;5º;19
1144;1°;1;32
1144;1°;2;31
1144;1°;3;29
1144;1°;4;28
1144;1°;5;31
1144;2°;1;32
1144;2°;2;33
1144;2°;3;34
1144;2°;4;34
1144;3°;1;28
1144;3°;2;25
1144;3°;3;29
1144;3°;4;31
1144;4°;1;36
1144;4°;2;30
1144;4°;3;23
1144;5°;1;31
1144;5°;2;31
1144;5°;3;19
1154;1°;CUARTA;29
1154;1°;PRIMERA;29
1154;1°;QUINTA;25
1154;1°;SEGUNDA;27
1154;1°;SEXTA;22
1154;1°;TERCERA;26
1154;2°;CUARTA;38
1154;2°;PRIMERA;32
1154;2°;QUINTA;30
1154;2°;SEGUNDA;33
1154;2°;TERCERA;38
1154;3°;CUARTA;33
1154;3°;PRIMERA;37
1154;3°;QUINTA;25
1154;3°;SEGUNDA;41
1154;3°;TERCERA;37
1154;4°;CUARTA;18
1154;4°;PRIMERA;27
1154;4°;SEGUNDA;33
1154;4°;TERCERA;28
1154;5°;PRIMERA;42
1154;5°;SEGUNDA;41
1154;5°;TERCERA;18
1154;6°;PRIMERA;41
1154;6°;SEGUNDA;40
1162;1°;1;26
1162;1°;2;29
1162;1°;3;30
1162;2°;1;26
1162;2°;2;27
1162;2°;3;22
1162;3°;1;23
1162;3°;2;29
1162;3°;3;23
1162;4°;1;28
1162;4°;2ª;32
1162;5°;1;20
1162;5°;2;22
1163;1°;1;28
1163;1°;2;27
1163;2°;1;30
1163;2°;2;27
1163;3°;1;24
1163;3°;2;25
1163;4°;1;24
1163;4°;2;24
1163;5°;1;38
1168;1°;1;14
1168;1°;2;15
1168;2°;1;17
1168;2°;2°;16
1168;3°;1;17
1168;3°;2;19
1168;4°;1;27
1168;5°;1;17
1170;1°;PRIMERA;11
1170;1°;SEGUNDA;10
1170;2°;PRIMERA;15
1170;2°;SEGUNDA;14
1170;3°;PRIMERA;15
1170;3°;SEGUNDA;17
1170;4°;PRIMERA;9
1170;4°;SEGUNDA;15
1170;5°;PRIMERA;11
1170;5°;SEGUNDA;17
1170;6°;PRIMERA;9
1176;1°;1;26
1176;1°;2;26
1176;1°;3;28
1176;2°;1;28
1176;2°;2;21
1176;2°;3;27
1176;3°;1;29
1176;3°;2;32
1176;4°;1;19
1176;4°;2;24
1176;5°;1;21
1176;5°;2;21
1176;6°;1;16
1181;1°;1ERA;26
1181;1°;2DA;31
1181;2°;1ERA;24
1181;2°;2DA;25
1181;3°;1ERA;22
1181;3°;2DA;24
1181;4°;1ERA;38
1181;5°;1ERA;13
1181;6°;1ERA;20
1189;1°;1;30
1189;1°;2;28
1189;1°;3;27
1189;2°;1;24
1189;2°;2;28
1189;2°;3;27
1189;3°;1;34
1189;3°;2;31
1189;3°;3°;20
1189;4°;1;37
1189;4°;2;30
1189;5°;1;30
1189;5°;2;31
1191;1°;Primera;28
1191;1°;Segunda;29
1191;1°;Tercera;30
1191;2°;Primera;25
1191;2°;Segunda;26
1191;2°;tercera;26
1191;3°;Primera;37
1191;3°;segunda;39
1191;4°;primera;23
1191;4°;segunda;19
1191;5°;segunda;23
1191;6°;Primera;16
1198;1°;Primero;26
1198;1°;Segunda;25
1198;2°;Primera;25
1198;2°;segunda;22
1198;3°;Primera;28
1198;3°;Segunda;27
1198;4°;primera;12
1198;4°;segunda;9
1198;5°;Unica;28
1198;6°;u;18
1199;1°;Cuarta;31
1199;1°;Primera;28
1199;1°;Segunda;31
1199;1°;Tercera;29
1199;2°;Cuarta;30
1199;2°;Primera;23
1199;2°;Segunda;27
1199;2°;Tercera;30
1199;3°;Primera;38
1199;3°;Segunda;36
1199;3°;Tercera;35
1199;4°;Primera;30
1199;4°;Segunda;33
1199;5°;Primera;20
1199;5°;Segunda;17
1199;6°;Primera;40
1200;1°;1°;15
1200;1°;2ª;17
1200;2°;1ª;15
1200;2°;2ª;14
1200;3°;1ª;17
1200;3°;2ª;13
1200;4°;1ª;21
1200;5°;1ª;10
1200;6°;1ª;7
1202;1°;1ª;28
1202;1°;2da;31
1202;2°;1ª;30
1202;2°;2da;30
1202;3°;1ra;35
1202;3°;2da;33
1202;4°;1ra;29
1202;4°;2da;17
1202;5°;1ra;29
1202;5°;2°;18
1204;1°;1;30
1204;1°;2;29
1204;1°;3;30
1204;2°;1;26
1204;2°;2;25
1204;2°;3;23
1204;3°;1;31
1204;3°;2;30
1204;3°;3;32
1204;4°;1;28
1204;4°;2;28
1204;5°;1;30
1204;5°;2;29
1209;1°;1ª;32
1209;1°;2ª;31
1209;1°;3ª;32
1209;2°;1ª;31
1209;2°;2ª;31
1209;2°;3ª;29
1209;3°;1ª;34
1209;3°;2ª;30
1209;3°;3ª;28
1209;4°;1ª;23
1209;4°;2ª;26
1209;4°;3ª;29
1209;5°;1ª;27
1209;5°;2ª;28
1209;5°;3°;32
1224;1°;PRIMERA;27
1224;2°;PRIMERA;22
1224;3°;PRIMERA;23
1224;4°;PRIMERA;22
1224;5°;PRIMERA;12
1241;1°;PRIMERA;32
1241;2°;PRIMERA;31
1241;3°;PRIMERA;29
1241;4°;PRIMERA;27
1241;5°;PRIMERA;17
1241;6°;PRIMERA;16
1450;2°;A;30
1450;2°;B;27
1450;2°;C;25
1450;2°;D;26
1450;3°;A;30
1450;3°;B;31
1450;3°;C;26
1450;3°;D;28
1450;4°;A;30
1450;4°;B;30
1450;4°;C;29
1450;4°;D;27
1450;5°;A;29
1450;5°;B;30
1450;5°;C;27
1450;5°;D;27
1450;6°;A;30
1450;6°;B;29
1450;6°;C;27
1450;6°;D;24
1450;7°;A;30
1450;7°;B;32
1450;7°;C;28
1450;7°;D;27
1812;2°;A;32
1812;2°;B;29
1812;3°;A;32
1812;3°;B;30
1812;4°;A;32
1812;4°;B;32
1812;5°;A;32
1812;5°;B;32
1812;6°;A;32
1812;6°;B;32
1812;7°;A;33
1812;7°;B;33
1813;2°;A;28
1813;2°;B;23
1813;3°;A;28
1813;3°;B;30
1813;4°;A;30
1813;4°;B;31
1813;5°;A;34
1813;5°;B;37
1813;6°;A;33
1813;6°;B;31
1813;7°;A;34
1813;7°;B;32
1817;2°;A;23
1817;2°;B;22
1817;3°;A;24
1817;3°;B;27
1817;4°;A;23
1817;4°;B;24
1817;5°;A;22
1817;5°;B;21
1817;6°;A;24
1817;6°;B;25
1817;7°;A;25
1817;7°;B;24
1818;2°;A;31
1818;2°;B;31
1818;3°;A;31
1818;3°;B;31
1818;4°;A;31
1818;4°;B;31
1818;5°;A;32
1818;5°;B;32
1818;6°;A;31
1818;6°;B;31
1818;7°;A;30
1818;7°;B;30
1818;7°;C;30
1820;2°;A;28
1820;2°;B;27
1820;2°;C;18
1820;3°;A;32
1820;3°;B;32
1820;3°;C;19
1820;4°;A;28
1820;4°;B;28
1820;4°;C;17
1820;5°;A;36
1820;5°;B;35
1820;5°;C;13
1820;6°;A;27
1820;6°;B;30
1820;6°;C;22
1820;7°;A;33
1820;7°;B;30
1820;7°;C;27
1823;2°;A;18
1823;2°;B;21
1823;2°;C;20
1823;3°;A;20
1823;3°;B;21
1823;3°;C;19
1823;4°;A;22
1823;4°;B;21
1823;5°;A;25
1823;5°;B;25
1823;6°;A;25
1823;7°;A;20
1823;7°;B;19
1824;2°;A;32
1824;2°;B;32
1824;3°;A;31
1824;3°;B;32
1824;4°;A;31
1824;4°;B;28
1824;5°;A;32
1824;5°;B;30
1824;6°;A;32
1824;6°;B;31
1824;7°;A;32
1824;7°;B;31
1831;2°;A;27
1831;2°;B;25
1831;3°;A;24
1831;3°;B;25
1831;4°;A;17
1831;4°;B;22
1831;5°;A;24
1831;5°;B;24
1831;6°;A;18
1831;6°;B;20
1831;7°;A;25
1831;7°;B;23
1832;2°;Única;19
1832;3°;B;26
1832;4°;A;23
1832;5°;A;28
1832;6°;A;24
1832;6°;B;28
1832;7°;A;22
1832;7°;B;23
1837;2°;A;32
1837;2°;B;29
1837;3°;A;32
1837;3°;B;28
1837;4°;A;31
1837;4°;B;22
1837;5°;A;32
1837;5°;B;30
1837;6°;A;31
1837;6°;B;28
1837;7°;A;29
1837;7°;B;29
1842;2°;A;20
1842;2°;B;19
1842;2°;C;18
1842;3°;A;26
1842;3°;B;28
1842;3°;C;25
1842;4°;A;22
1842;4°;B;19
1842;4°;C;20
1842;5°;A;22
1842;5°;B;21
1842;5°;C;17
1842;6°;A;22
1842;6°;B;21
1842;6°;C;20
1842;7°;A;23
1842;7°;B;23
1842;7°;C;20
1844;2°;A;28
1844;2°;B;26
1844;3°;A;33
1844;3°;B;30
1844;4°;A;29
1844;4°;B;28
1844;5°;A;30
1844;5°;B;27
1844;6°;A;35
1844;6°;B;31
1844;7°;A;31
1844;7°;B;27
1846;2°;UNICA;15
1846;3°;UNICA;25
1846;4°;UNICA;21
1846;5°;UNICA;22
1846;6°;UNICA;12
1846;7°;UNICA;18
1847;2°;A;33
1847;2°;B;33
1847;3°;A;34
1847;3°;B;24
1847;4°;A;32
1847;4°;B;27
1847;5°;A;32
1847;5°;B;26
1847;6°;A;34
1847;6°;B;22
1847;7°;A;31
1847;7°;B;23
1849;2°;A;29
1849;2°;B;29
1849;3°;A;29
1849;3°;B;29
1849;4°;A;30
1849;4°;B;29
1849;5°;A;29
1849;5°;B;30
1849;6°;A;30
1849;6°;B;30
1849;7°;A;29
1849;7°;B;29
1852;2°;A;29
1852;2°;B;29
1852;3°;A;30
1852;3°;B;27
1852;4°;A;28
1852;4°;B;28
1852;5°;A;32
1852;5°;B;32
1852;6°;A;29
1852;6°;B;29
1852;7°;A;31
1852;7°;B;29
1854;2°;A;14
1854;2°;B;18
1854;3°;A;17
1854;3°;B;18
1854;4°;Ú;28
1854;5°;A;21
1854;5°;B;21
1854;6°;Ú;34
1854;7°;Ú;26
1856;2°;A;27
1856;3°;A;27
1856;4°;A;26
1856;5°;A;33
1856;6°;A;32
1856;7°;A;31
1862;2°;A;18
1862;3°;A;25
1862;4°;A;23
1862;5°;A;23
1862;6°;A;24
1862;7°;A;27
1865;2°;Ú;27
1865;3°;Ú;27
1865;4°;Ú;25
1865;5°;Ú;26
1865;6°;Ú;27
1865;7°;Ú;25
1867;2°;A;27
1867;2°;B;30
1867;2°;C;19
1867;3°;A;30
1867;3°;B;29
1867;3°;C;17
1867;4°;A;28
1867;4°;B;31
1867;4°;C;13
1867;5°;A;29
1867;5°;B;28
1867;5°;C;11
1867;6°;A;27
1867;6°;B;25
1867;6°;C;12
1867;7°;A;31
1867;7°;B;31
1867;7°;C;11
1869;2°;A;30
1869;2°;B;25
1869;3°;A;33
1869;3°;B;30
1869;4°;A;29
1869;4°;B;26
1869;5°;A;33
1869;5°;B;29
1869;6°;A;31
1869;6°;B;25
1869;7°;A;31
1869;7°;B;29
1875;2°;A;22
1875;2°;B;22
1875;3°;A;29
1875;3°;B;26
1875;4°;A;33
1875;4°;B;32
1875;5°;A;30
1875;5°;B;27
1875;6°;A;30
1875;6°;B;33
1875;7°;A;28
1875;7°;B;31
1877;2°;Única;27
1877;3°;Única;30
1877;4°;Única;27
1877;5°;Única;25
1877;6°;Única;28
1877;7°;Única;21
1878;2°;A;33
1878;2°;B;29
1878;3°;A;32
1878;3°;B;30
1878;4°;A;29
1878;4°;B;30
1878;5°;A;32
1878;5°;B;30
1878;6°;A;32
1878;6°;B;32
1878;7°;A;33
1878;7°;B;32
1882;2°;A;31
1882;2°;B;26
1882;3°;A;25
1882;3°;B;27
1882;4°;A;25
1882;4°;B;26
1882;5°;A;25
1882;5°;B;25
1882;6°;A;22
1882;6°;B;25
1882;7°;A;26
1882;7°;B;28
1883;2°;U;33
1883;3°;A;32
1883;4°;A;21
1883;5°;A;21
1883;5°;B;19
1883;6°;A;32
1883;7°;U;36
1884;2°;A;30
1884;2°;B;24
1884;2°;C;29
1884;2°;D;25
1884;3°;A;30
1884;3°;B;25
1884;3°;C;31
1884;3°;D;26
1884;4°;A;31
1884;4°;B;28
1884;4°;C;31
1884;4°;D;24
1884;4°;E;30
1884;5°;A;31
1884;5°;B;29
1884;5°;C;31
1884;5°;D;29
1884;6°;A;31
1884;6°;B;30
1884;6°;C;31
1884;6°;D;28
1884;7°;A;33
1884;7°;B;32
1884;7°;C;30
1884;7°;D;30
1885;2°;A;31
1885;3°;A;31
1885;4°;A;31
1885;5°;A;31
1885;6°;A;31
1885;7°;A;31
1887;2°;A;24
1887;3°;A;19
1887;4°;A;22
1887;5°;A;33
1887;6°;A;24
1887;7°;A;26
1905;2°;A;6
1905;3°;A;8
1905;4°;A;10
1905;5°;A;14
1905;6°;A;7
1905;7°;A;6
1908;2°;A;29
1908;2°;B;30
1908;3°;A;30
1908;3°;B;30
1908;4°;A;28
1908;4°;B;28
1908;5°;A;29
1908;5°;B;26
1908;6°;A;21
1908;6°;B;22
1908;7°;A;31
1908;7°;B;30
1909;2°;A;24
1909;2°;B;24
1909;3°;A;23
1909;3°;B;21
1909;4°;A;25
1909;4°;B;24
1909;5°;A;22
1909;5°;B;22
1909;6°;A;24
1909;6°;B;26
1909;7°;A;19
1909;7°;B;23
1910;2°;A;25
1910;2°;B;24
1910;2°;C;25
1910;3°;A;25
1910;3°;B;24
1910;3°;C;25
1910;4°;A;20
1910;4°;B;20
1910;4°;C;19
1910;5°;A;28
1910;5°;B;26
1910;6°;A;21
1910;6°;B;20
1910;7°;A;17
1910;7°;B;17
1913;2°;UNICA;11
1913;3°;única;23
1913;4°;única;25
1913;5°;Unico;29
1913;6°;única;20
1913;7°;ÚNICA;31
1914;2°;A;31
1914;3°;A;28
1914;4°;A;23
1914;5°;A;31
1914;6°;A;27
1914;7°;A;29
1918;2°;A;32
1918;3°;A;31
1918;4°;A;32
1918;5°;A;30
1918;6°;A;27
1918;7°;A;30
1926;2°;A;32
1926;2°;B;26
1926;3°;A;31
1926;3°;B;32
1926;4°;A;33
1926;4°;B;27
1926;5°;A;33
1926;5°;B;28
1926;6°;A;28
1926;6°;B;25
1926;7°;A;34
1926;7°;B;33
1935;2°;A;22
1935;3°;A;26
1935;4°;A;11
1935;5°;A;19
1935;6°;A;15
1935;7°;A;13
1936;2°;A;23
1936;3°;A;29
1936;4°;A;24
1936;5°;A;28
1936;6°;A;25
1936;7°;A;27
1947;1°;A;37
1947;1°;B;36
1947;1°;C;35
1947;2°;A;33
1947;2°;B;33
1947;2°;C;30
1947;3°;E;35
1947;3°;H;29
1947;3°;I;36
1947;4°;E;35
1947;4°;H;34
1947;4°;I;31
1947;5°;E;35
1947;5°;H;33
1947;5°;I;23
1948;1°;B;2
1948;3°;BEA;3
1948;4°;BC;4
1948;4°;BEA;1
1948;5°;BC;1
1949;1°;A;34
1949;1°;B;34
1949;2°;A;34
1949;2°;B;35
1949;3°;A;38
1949;3°;B;34
1951;1°;A;32
1951;1°;B;31
1951;1°;C;32
1951;2°;A;29
1951;2°;B;31
1951;2°;C;31
1951;3°;A;33
1951;3°;B;31
1951;3°;C;30
1951;4°;A;23
1951;4°;B;31
1951;4°;C;32
1951;5°;A ;24
1951;5°;B;30
1951;5°;C;26
1952;1°;ÚNICA;33
1952;2°;ÚNICA;2
1952;3°;ÚNICA;2
1952;4°;ÚNICA;3
1952;5°;ÚNICA;28
1953;1°;ÚNICA;32
1953;2°;ÚNICA;29
1953;3°;ÚNICA;35
1953;4°;ÚNICA;32
1953;5°;ÚNICA;27
1954;1°;A;29
1954;1°;B;27
1954;1°;C;28
1954;2°;A;39
1954;2°;B;38
1954;3°;A (H);35
1954;3°;B (H);33
1954;4°;E;32
1954;4°;H;26
1954;5°;A (H);32
1954;5°;B;31
1955;1°;A;37
1955;1°;b;38
1955;2°;A;28
1955;2°;B;27
1955;3°;ECONOMIA;22
1955;3°;HUMANIDADES;29
1955;4°;ECONOMIA;35
1955;4°;HUMANIDADES;34
1955;5°;ECONOMIA;21
1955;5°;HUMANIDADES;30
1956;1°;A;32
1956;1°;B;32
1956;1°;C;32
1956;2°;A;32
1956;2°;B;32
1956;2°;C;32
1956;3°;A;32
1956;3°;B;30
1956;3°;C;32
1956;4°;A;30
1956;4°;B;32
1956;4°;C;32
1956;5°;A;30
1956;5°;B;32
1956;5°;C;30
1957;1°;1;31
1957;1°;2;31
1957;1°;3;31
1957;2°;1;31
1957;2°;2;31
1957;2°;3;30
1957;3°;1;24
1957;3°;2;26
1957;3°;3;32
1957;4°;1;27
1957;4°;2;28
1957;4°;3;27
1957;5°;1;22
1957;5°;2;17
1957;5°;3;27
1958;1°;A;34
1958;1°;B;30
1958;2°;A;36
1958;2°;B;36
1958;3°;NATURALES;31
1958;3°;SOCIALES;30
1958;4°;NATURALES;32
1958;4°;SOCIALES;23
1958;5°;NATURALES;32
1958;5°;SOCIALES;26
1959;1°;A;36
1959;1°;B;36
1959;2°;A;32
1959;2°;B;31
1959;3°;A;14
1959;3°;B;30
1959;3°;C;11
1959;4°;A;22
1959;4°;B;21
1959;4°;C;19
1959;5°;A;26
1959;5°;B;18
1959;5°;C;20
1960;1°;B;2
1960;2°;B;1
1960;3°;NAT - A;2
1960;3°;NAT - B;14
1960;4°;NAT;4
1960;5°;NAT;15
1961;1°;U;10
1961;2°;U;8
1961;3°;U;6
1961;4°;U;9
1961;5°;U;7
1962;1°;A;19
1962;1°;B;17
1962;2°;única;25
1962;3°;A;21
1962;3°;B;21
1962;4°;Única;20
1962;5°;Única;23
1964;1°;A;31
1964;1°;B;31
1964;2°;A;32
1964;2°;B;28
1964;3°;BACHILLER CS. NATURA;28
1964;3°;BACHILLER EN HUMANID;27
1964;4°;BACHILLER CS, NATURA;25
1964;4°;BACHILLER EN HUMANID;27
1964;5°;POLIMODAL CS. NATURA;28
1964;5°;POLIMODAL EN HUMANID;22
1970;1°;PRIMERA;34
1970;1°;SEGUNDA;27
1970;2°;PRIMERA;27
1970;2°;SEGUNDA;30
1970;3°;PRIMERA;33
1970;3°;SEGUNDA;22
1970;4°;PRIMERA;25
1970;4°;SEGUNDA;19
1970;5°;PRIMERA;21
1970;5°;SEGUNDA;20
1975;1°;Primer Año;31
1975;2°;Segundo Año;33
1975;3°;Tercer Año;16
1975;5°;Quinto Año;23
1979;1°;A;30
1979;1°;B;29
1979;1°;C;29
1979;1°;D;30
1979;2°;A;36
1979;2°;B;36
1979;2°;C;35
1979;2°;D;34
1979;3°;A;35
1979;3°;B;34
1979;3°;C;27
1979;3°;D;32
1979;4°;A;34
1979;4°;B;23
1979;4°;C;29
1979;4°;D;34
1979;5°;A;31
1979;5°;B;25
1979;5°;C;36
1979;5°;D;36
1980;1°;SECUNDARIO A ;30
1980;1°;SECUNDARIO B;30
1980;1°;SECUNDARIO C ;30
1980;2°;SECUNDARIO A;25
1980;2°;SECUNDARIO B;29
1980;2°;SECUNDARIO C;28
1980;3°;BACHILLER A;29
1980;3°;BACHILLER B;30
1980;3°;BACHILLER C;27
1980;4°;BACHILLER A;31
1980;4°;BACHILLER B;33
1980;4°;BACHILLER C;31
1980;5°;BACHILLER A;33
1980;5°;BACHILLER B;31
1980;5°;BACHILLER C;29
1985;1°;A;30
1985;1°;B;30
1985;2°;A;29
1985;2°;B;30
1985;3°;A;27
1985;3°;B;29
1985;4°;A;26
1985;4°;B;25
1985;5°;A;30
1985;5°;B;29
1987;1°;A;32
1987;1°;B;30
1987;2°;A;31
1987;2°;B;26
1987;3°;A;29
1987;3°;B;22
1987;4°;A;31
1987;4°;B;24
1987;5°;A;23
1987;5°;B;30
1989;1°;única;34
1989;2°;única;30
1989;3°;única;29
1989;4°;única;33
1989;5°;única;26
1993;2°;1;4
1993;3°;1;32
1993;4°;1;2
1993;5°;1;19
1995;1°;única;27
1995;2°;Única;27
1995;3°;Única;31
1995;4°;Única;22
1995;5°;Única;27
1998;1°;A;34
1998;1°;B;33
1998;2°;A;33
1998;2°;B;32
1998;3°;A;34
1998;3°;B;34
1998;4°;A;23
1998;4°;B;26
1998;5°;A;24
1998;5°;B;24
1999;1°;1º;16
1999;1°;2º;17
1999;1°;T;17
1999;2°;1º;14
1999;2°;2º;16
1999;2°;T;17
1999;3°;M;26
1999;3°;T;26
1999;4°;M;26
1999;4°;T;22
1999;5°;M;26
1999;5°;T;19
2001;1°;A;25
2001;1°;B;22
2001;2°;A;26
2001;2°;B;24
2001;3°;A;24
2001;3°;B;25
2001;4°;A;38
2001;5°;A;41
2007;1°;A;28
2007;1°;B;29
2007;2°;A;27
2007;2°;B;28
2007;3°;A;27
2007;3°;B;25
2007;4°;A;31
2007;4°;B;28
2007;5°;A;26
2007;5°;B;28
2015;1°;A;31
2015;1°;B;29
2015;2°;A;32
2015;2°;B;29
2015;3°;A;30
2015;3°;B;29
2015;3°;C;23
2015;4°;A;29
2015;4°;B;23
2015;4°;C;22
2015;5°;A;34
2015;5°;B;30
2015;5°;C;27
2017;1°;A;32
2017;1°;B;30
2017;2°;A;32
2017;2°;B;31
2017;3°;A;32
2017;3°;B;32
2017;4°;A;30
2017;4°;B;30
2017;5°;A;30
2017;5°;B;25
2021;1°;A;32
2021;1°;B;35
2021;2°;A;30
2021;2°;B;29
2021;3°;A;27
2021;3°;B;24
2021;4°;A;26
2021;4°;B;22
2021;5°;A;27
2021;5°;B;21
2027;1°;1RA;31
2027;1°;2DA;28
2027;1°;3RA;19
2027;1°;4TA;22
2027;1°;5TA;24
2027;1°;6TA;26
2027;2°;1RA;28
2027;2°;2DA;28
2027;2°;3RA;28
2027;2°;4TA;25
2027;2°;5TA;27
2027;2°;6TA;28
2027;3°;1RA;31
2027;3°;2DA;29
2027;3°;3RA;30
2027;3°;4TA;31
2027;3°;5TA;27
2027;4°;1RA;27
2027;4°;2DA;27
2027;4°;3RA;31
2027;4°;4TA;26
2027;4°;5TA;28
2027;5°;1RA;29
2027;5°;2DA;22
2027;5°;3RA;20
2039;1°;UNICA;18
2039;2°;ÚNICA;16
2039;3°;UNICA;16
2039;4°;UNICA;19
2039;5°;UNICA;22
2041;1°;única;38
2041;2°;única;40
2041;3°;única;31
2041;4°;única;32
2041;5°;única;28
2047;1°;A;29
2047;1°;B;23
2047;2°;A;17
2047;2°;B;25
2047;3°;U;35
2047;4°;U;37
2047;5°;U;22
2058;1°;A;15
2058;1°;B;14
2058;2°;A;32
2058;3°;A;38
2058;5°;A;32
2353;2°;A;28
2353;2°;B;25
2353;3°;A;21
2353;3°;B;24
2353;3°;C;22
2353;4°;A;26
2353;4°;B;25
2353;5°;A;31
2353;5°;B;27
2353;6°;A;35
2353;6°;B;24
2353;7°;A;31
2353;7°;B;27
2355;2°;A;29
2355;2°;B;28
2355;2°;C;28
2355;3°;A;29
2355;3°;B;28
2355;3°;C;25
2355;4°;A;25
2355;4°;B;26
2355;4°;C;28
2355;5°;A;30
2355;5°;B;19
2355;5°;C;19
2355;6°;A;31
2355;6°;B;29
2355;6°;C;27
2355;7°;A;27
2355;7°;B;26
2355;7°;C;28
2358;2°;A;22
2358;2°;B;22
2358;2°;C;25
2358;3°;A;27
2358;3°;B;17
2358;3°;C;18
2358;4°;A;24
2358;4°;B;17
2358;4°;C;14
2358;5°;A;33
2358;5°;B;18
2358;5°;C;21
2358;6°;A;24
2358;6°;B;26
2358;6°;C;19
2358;7°;A;29
2358;7°;B;26
2358;7°;C;23
2361;2°;A;27
2361;2°;B;29
2361;2°;C;26
2361;2°;D;23
2361;3°;A;30
2361;3°;B;25
2361;3°;C;21
2361;3°;D;23
2361;4°;A;29
2361;4°;B;31
2361;4°;C;24
2361;4°;D;22
2361;5°;A;29
2361;5°;B;30
2361;5°;C;21
2361;5°;D;19
2361;6°;A;28
2361;6°;B;28
2361;6°;C;21
2361;6°;D;21
2361;7°;A;23
2361;7°;B;27
2361;7°;C;17
2361;7°;D;18
2389;2°;A;31
2389;2°;B;26
2389;2°;C;24
2389;3°;A;22
2389;3°;B;24
2389;3°;C;24
2389;3°;D;17
2389;4°;A;28
2389;4°;B;30
2389;4°;C;29
2389;5°;A;33
2389;5°;B;23
2389;5°;C;25
2389;6°;A;26
2389;6°;B;17
2389;6°;C;20
2389;7°;A;29
2389;7°;B;26
2389;7°;C;28
2565;2°;A;30
2565;2°;B;29
2565;2°;C;28
2565;3°;A;27
2565;3°;B;30
2565;3°;C;31
2565;4°;A;30
2565;4°;B;28
2565;4°;C;26
2565;5°;A;32
2565;5°;B;32
2565;5°;C;28
2565;6°;A;29
2565;6°;B;32
2565;6°;C;34
2565;7°;A;31
2565;7°;B;30
2565;7°;C;34
2572;2°;A;28
2572;2°;B;26
2572;3°;A;30
2572;3°;B;27
2572;4°;A;28
2572;4°;B;31
2572;5°;A;30
2572;5°;B;24
2572;6°;A;30
2572;6°;B;23
2572;7°;A;26
2572;7°;B;28
2586;2°;CHARITOS;25
2586;3°;PICHICIEGOS;25
2586;4°;GATOS MONTESES;26
2586;5°;PUMAS;28
2586;6°;CN;25
2586;7°;ZORRO COLORADO;27
2587;2°;A;17
2587;2°;B;18
2587;2°;C;20
2587;2°;D;21
2587;3°;A;21
2587;3°;B;23
2587;3°;C;23
2587;4°;A;21
2587;4°;B;22
2587;4°;C;20
2587;4°;D;21
2587;5°;A;20
2587;5°;B;21
2587;5°;C;24
2587;5°;D;22
2587;6°;A;21
2587;6°;B;20
2587;6°;C;19
2587;7°;A;20
2587;7°;B;21
2587;7°;C;21
2590;2°;A;22
2590;2°;B;23
2590;3°;A;21
2590;3°;B;21
2590;4°;A;20
2590;4°;B;20
2590;5°;A;25
2590;5°;B;23
2590;6°;A;20
2590;6°;B;21
2590;7°;A;28
2590;7°;B;28
2639;2°;A;9
2639;3°;A;14
2639;3°;B;15
2639;4°;UNICA;20
2639;5°;UNICA;9
2639;6°;UNICA;17
2639;7°;UNICA;9
2648;2°;única;22
2648;5°;única;16
2648;6°;UNICA;5
2648;7°;única;9
2661;2°;única;18
2661;3°;única;24
2661;4°;única;25
2661;5°;única;11
2661;6°;unica;22
2661;7°;unica;16
2662;2°;u;17
2662;3°;u;14
2662;4°;u;16
2662;5°;U;12
2662;6°;u;7
2662;7°;U;17
2667;1°;A;23
2667;1°;B;27
2667;1°;C;26
2667;2°;A;26
2667;2°;B;25
2667;2°;C;23
2667;3°;Economía;37
2667;3°;Humanidades;36
2667;4°;Economía;27
2667;4°;Humanidades;35
2667;5°;Economía;30
2667;5°;Humanidades;28
2669;1°;única;27
2669;2°;única;26
2669;3°;Única;13
2669;4°;Única;17
2669;5°;única;18
2670;1°;U;17
2670;2°;U;23
2670;3°;U;9
2670;4°;U;20
2670;5°;U;29
2675;1°;1ra;34
2675;1°;2da;34
2675;1°;3ra;33
2675;1°;4ta;32
2675;2°;1ra;29
2675;2°;2da;30
2675;2°;3ra;34
2675;2°;4ta;31
2675;3°;CS. NATURALES;26
2675;3°;ECONOMÍA y ADMINISTR;23
2675;3°;EDUCACIÓN FÍSICA;31
2675;3°;HUMANIDADES y CS SOC;31
2675;4°;CS.NATURALES;26
2675;4°;ECONOMÍA y ADMINISTR;26
2675;4°;EDUCACIÓN FÍSICA;30
2675;4°;HUMANIDADES y CS SOC;28
2675;5°;CS.NATURALES;29
2675;5°;ECONOMÍA y ADMINISTR;25
2675;5°;EDUCACIÓN FÍSICA;24
2675;5°;HUMANIDADES y CS SOC;30
2676;1°;Primera;31
2676;1°;Segunda;32
2676;2°;Primera;32
2676;2°;Segunda;32
2676;3°;ECONOMIA;25
2676;3°;HUMANIDADES;23
2676;4°;ECONOMIA;21
2676;4°;HUMANIDADES;25
2676;5°;ECONOMIA;23
2676;5°;HUMANIDADES;22
2677;1°;A;32
2677;1°;B;33
2677;2°;A;31
2677;2°;B;34
2677;3°;A;34
2677;3°;B;33
2677;4°;A;35
2677;4°;B;28
2677;5°;A;30
2677;5°;B;29
2680;1°;1;23
2680;2°;1;16
2680;2°;2º;15
2680;3°;1;23
2680;4°;1;35
2680;5°;1;27
2681;1°;A;29
2681;1°;B;29
2681;2°;A;28
2681;2°;B;28
2681;3°;COMUNICACIÓN;30
2681;3°;ECONOMÍA;32
2681;4°;COMUNICACIÓN;26
2681;4°;ECONOMÍA;33
2681;5°;COMUNICACIÓN;23
2681;5°;ECONOMÍA;14
2682;1°;U;21
2682;2°;U;25
2682;3°;COM;22
2682;4°;COM;26
2682;5°;COM;12
3187;2°;A;31
3187;2°;C;23
3187;3°;A;28
3187;3°;C;24
3187;4°;A;20
3187;4°;C;17
3187;5°;A;24
3187;5°;C;16
3187;6°;C;14
3187;7°;C;22
3191;2°;ÚNICA               ;27
3191;3°;UNICA;30
3191;4°;ÚNICA;23
3191;5°;ÚNICA;25
3191;6°;ÚNICA;16
3191;7°;ÚNICA;26
3206;2°;A;22
3206;2°;B;21
3206;3°;A;26
3206;3°;B;26
3206;4°;A;26
3206;4°;B;23
3206;5°;A;25
3206;5°;B;29
3206;6°;A;23
3206;6°;B;22
3206;7°;A;28
3206;7°;B;26
3210;1°;Unica;28
3210;2°;Única;28
3210;3°;Unica;33
3210;4°;ÚNICA;21
3210;5°;ÚNICA;26
4394;1°;único;25
4394;2°;único;27
4394;3°;único;26
4394;4°; único;27
4394;5°; único;24
4984;2°;A;9
4984;3°;A;28
4984;4°;A;11
4984;4°;B;12
4984;5°;A;26
4984;6°;A;14
4984;7°;A;20
5087;2°;A MERLOT ;23
5087;2°;B CABERNET;24
5089;1°;U;22
5089;2°;U;22
5089;3°;Economía;5
5089;3°;Humanidades;13
5111;1°;6;30
5111;2°;6;25
5111;3°;5;30
5111;4°;5;28
5111;5°;5;15
